title,price,seller_name,cash_on_delivery
Apple iPhone 15 Pro 128GB - Non Approved - Factory Unllock - Free Charger - Daraz Like New Phones (Mobile Phones) - Used Phone,"Rs. 199,999",A&F Tablets,Cash on Delivery Available
"Apple iPhone 15 Pro Max - 6.7"" Inch Display - Physical Sim & ESim - 1 Year Official Warranty (Mercantile) - PTA Approved","Rs. 467,842",Shop-Tech (Karachi),Cash on Delivery Available
"Apple iPhone 15 Pro Max | 6.7"" Inch Display | ESim | 1 Year Official Warranty | Mercantile iPhone | PTA Approved | 256GB","Rs. 455,195",New All In One,Cash on Delivery Available
Apple Iphone 15 Pro 256GB - Non Approved - Factory Unllock - Free Charger - Daraz Like New Phones (Mobile Phones) - Used Phone,"Rs. 209,999",A&F Tablets,Cash on Delivery Available
Apple iPhone 15 Pro 512GB - Non Approved - Factory Unllock - Free Charger - Daraz Like New Phones (Mobile Phones) - Used Phone,"Rs. 239,999",A&F Tablets,Cash on Delivery Available
"Apple iPhone 15 - 128GB - 6.1"" Inch Display - Factory Locked - Non Approved - Free Charger - Daraz Like New Phones (Mobile Phones) - Used Phone","Rs. 189,999",A&F Tablets,Cash on Delivery Available
"Apple iPhone 15 Pro - 6.1"" Inch Display - Physical Sim & ESim - PTA Approved - 1 Year Official Warranty Mercantile","Rs. 482,211",Shop-Tech (Karachi),Cash on Delivery Available
"Apple iPhone 15 - 128GB - 6.1"" Inch Display - Factory Locked - Non Approved - Free Charger - Daraz Like New Phones - Used Mobiles","Rs. 239,999",Tab & Tech (Online Store),Cash on Delivery Available
"Apple iPhone 15 - 256GB - 6.1"" Inch Display - Factory Locked - Non Approved - Free Charger - Daraz Like New Phones (Mobile Phones) - Used Phone","Rs. 199,999",A&F Tablets,Cash on Delivery Available
"USED - Apple iPhone 15 - 128GB - 6.1"" Inch Display - Factory Locked - Non Approved - Free Charger - Daraz Like New Phones (Mobile Phones) - USED Mobile Phones","Rs. 239,999",Tab & Tech (Online Store),Cash on Delivery Available
"Apple iPhone 15 - 128GB - 6.1"" Inch Display - Factory Locked - Non-Approved - Free Charger - Daraz Like New Phones (Mobile Phones) - Used Phones","Rs. 239,999",Tab & Tech (Online Store),Cash on Delivery Available
"Apple iPhone 15 - 512GB - 6.1"" Inch Display - Factory Locked - Non Approved - Free Charger - Daraz Like New Phones (Mobile Phones) - Used Phone","Rs. 229,999",A&F Tablets,Cash on Delivery Available
"Apple iphone 15 - 512GB - 6.1"" Inch Display - Factory Locked - Non Approved - Free Charger - Daraz Like New Phones","Rs. 395,999",Gadget Worldd,Cash on Delivery Available
Apple Iphone 15 Pro 256GB - Non Approved - Factory Unllock - Free Charger - Daraz LIke New Phones,"Rs. 499,999",Gadget Worldd,Cash on Delivery Available
Used - Apple iPhone 14 Pro - 128GB - PTA Approved Factory Unlocked (FREE CHARGER AND COVER) - Daraz Like New Phones (Mobile Phones) - Used Phone,"Rs. 249,999",Tab & Tech (Laptop Store),Cash on Delivery Available
"Apple iphone 15 - 128GB - 6.1"" Inch Display - Factory Locked - Non Approved - Free Charger - Daraz Like New Phones","Rs. 355,999",Gadget Worldd,Cash on Delivery Available
Apple Iphone 15 Pro 512GB - Non Approved - Factory Unllock - Free Charger - Daraz LIke New Phones,"Rs. 599,999",Gadget Worldd,Cash on Delivery Available
"Apple iphone 15 - 256GB - 6.1"" Inch Display - Factory Locked - Non Approved - Free Charger - Daraz Like New Phones","Rs. 385,999",Gadget Worldd,Cash on Delivery Available
USED - Apple iPhone 14 Pro - 256GB - PTA APPROVED Factory Unlocked (FREE CHARGER AND COVER) - Daraz Like New Phones (Mobile Phones) - Used Phone,"Rs. 265,999",Tab & Tech (Laptop Store),Cash on Delivery Available
"iPhone 15 Pro max, Black Titanium 256GB, LLA Version (E Sim + E sim), Non Active, Only Phone","Rs. 330,000",iStoreByHassan,Cash on Delivery Available
